{"t":[-0.04056,-0.03744,-0.034319999999999996,-0.0312,-0.02808,-0.02496,-0.02184,-0.01872,-0.0156,-0.01248,-0.00936,-0.00624,-0.00312,0,0.00312,0.00624,0.00936,0.01248,0.0156,0.01872,0.02184,0.02496,0.02808,0.0312,0.034319999999999996,0.03744,0.04056,0.04368,0.0468,0.04992,0.05304,0.05616,0.05928,0.0624,0.06552,0.068639999999999993,0.07176,0.07488,0.078,0.08112,0.08424,0.08736,0.09048,0.0936,0.09672,0.09984,0.10296,0.10608,0.10919999999999999,0.11232,0.11544,0.11856,0.12168,0.1248,0.12792,0.13104,0.13416,0.13727999999999999,0.1404,0.14352,0.14664,0.14976,0.15288,0.156,0.15911999999999998,0.16224,0.16536,0.16848,0.1716,0.17472,0.17784,0.18096,0.18408,0.1872,0.19032,0.19344,0.19655999999999998,0.19968,0.2028,0.20592,0.20904,0.21216,0.21528,0.21839999999999998,0.22152,0.22464,0.22776,0.23088,0.23399999999999999,0.23712,0.24024,0.24336,0.24648],"height":[93962.107083467912,99034.089375311058,61573.851280096227,79871.0207787032,93196.441642350881,92756.768583950237,96763.155317833181,97376.678515195468,104216.41749487531,94836.1765720022,96717.8836499203,105272.61253171804,94489.885057868014,96266.215851221292,95891.69079416382,95597.77319588112,97080.983361302773,95744.791308141168,95436.955552014711,95447.10949910873,95180.710458663336,95016.891550878936,94709.910704504655,94673.926532634621,94253.8942333303,94379.830692625226,93943.463377824926,93892.963420114422,93878.9087848676,93857.172233253965,93643.52618373424,93308.183169342243,93206.848082822093,93202.237047150862,92805.561007456126,92923.461555280111,92312.231924691732,92536.489830525781,92301.885563139338,92189.155217090578,92067.222661087668,91907.028656541181,92027.7842588589,91713.77670383385,91534.442922908609,91540.613415723259,91120.30062058031,90988.173281057432,91098.869063943537,90846.011713099389,90583.044231431079,90497.53109954005,90403.519610403673,90121.973877719836,90071.275417072684,88920.522136514075,89692.083744345771,89806.7230883791,89576.376681044334,89330.004574155275,89204.286363714113,89084.356362667677,88969.719019822121,88837.135025317373,88716.640070074514,88418.728725236855,88514.432157120769,88232.554361115326,88236.979770674079,87974.215545409766,87855.443340276775,87719.664050316846,87510.480625840821,87439.27678352072,87355.96190761654,87123.067082356618,87212.044451396374,86775.062928642568,86888.000441473763,86603.814516389088,90174.290646704234,86442.550572983,86348.66178210752,85860.00518553055,104406.94721105532,85730.31324331506,85930.634952158493,76873.168049114553,111341.42589225089,85320.077913533562,53020.544773160058,35437.916311892943,111173.11440317852],"velocity":[null,null,null,null,null,null,null,null,null,null,null,null,null,48674.980913949694,null,null,null,null,null,48483.923049380348,null,48499.230527684231,48349.61875823982,48360.024749752352,48402.211688143812,48344.270634635192,48264.392198314388,48216.614200082658,48227.363191361743,48211.910886082929,48177.359359489368,48098.797530100928,48054.943234977683,48068.4962313318,47973.020753363351,47892.526312448448,47894.723645524093,47876.9567121358,47795.532864084184,47698.437139378373,47788.68152174454,47571.687407427489,47696.796972610588,47472.047895706448,47547.321160110034,47476.862884662594,47390.981146930069,47280.648873771293,47205.870084788512,47178.781794591974,47144.186447239314,47095.586360638554,46950.021291114783,46986.085850917967,46825.557664336317,46669.516935338033,46692.316941618417,46589.103145226953,46523.415676812692,46381.251778961923,46285.698504296808,46255.606411536726,46107.795060128206,45969.175126215952,45950.157739834642,45816.41975943897,45713.738511197895,45611.245101018554,45532.288421004727,45420.684666250694,45339.246288048715,45207.983090364614,45035.610755990383,44867.921095850739,44738.972941304724,44548.815100134394,44443.382150808975,44222.428840145622,44042.947615708479,null,null,43291.37723315433,null,null,null,null,null,null,null,null,null,null,null],"vel_std":[null,null,null,null,null,null,null,null,null,null,null,null,null,190.07056348431973,null,null,null,null,null,251.8641688091827,null,462.03885835121861,477.22214253385073,245.4554756415595,202.96077273673851,257.91738393750029,357.73164138378922,316.24212651526568,191.34107760157113,143.4963631251986,142.26629774958948,168.38230401773762,182.79393506621304,192.20316607913088,348.6547455155453,382.03209556067731,238.77429736972704,237.06410210391795,251.05646033609239,155.33901226414255,145.6,148.4,151.20000000000002,433.16734790644284,447.33767542613361,196.66101805960304,174.99212512360216,165.20000000000002,171.18808580081154,653.03913413678947,662.54950511961658,204.28854863100656,179.20000000000002,182,458.8545404106107,809.73627427339954,740.88152230078367,616.83277428990152,559.495026555905,198.79999999999998,201.6,343.948907287749,588.07597734653814,841.19637999094743,697.464822884898,247.1847531988233,407.70787580150886,383.816593418561,938.63115892367375,1341.4239643528015,1076.1385950590366,488.609574138209,235.2,238,889.84917835540523,1037.6604560828248,820.98306268255692,1353.7409098657322,1277.5438139405042,null,null,1320.1286077385209,null,null,null,null,null,null,null,null,null,null,null],"alt_std":[2035.5437588800896,1944.2560045415428,2401.1109399869583,3889.2685824083828,292.62999931985729,1910.8089515282602,811.88050055961412,991.04729368151413,1406.1952600432676,233.3854095408868,127.94611630474786,322.80756374920873,176.50569629524352,174.03187594173329,372.34751605491994,404.28577623077643,896.15702795867,189.19315904405818,167.09766657839586,170.66061226721516,139.32780266855551,113.36387829185887,143.9365179128811,118.62550433044571,147.91111201006902,171.9594282468467,158.78806601000332,192.44606529892366,176.12565992608859,99.14522525500773,173.28658226477933,164.06843918830424,120.30534603869886,112.98618472742609,150.95491388279459,156.37803549053817,138.23227546940669,176.46716132931058,149.42090871145476,175.93489742097185,134.10878660569992,153.96249798479721,172.18241586902332,169.75798459504801,130.20031286167284,191.22805046952436,256.87194048981405,326.16158851679734,2460.1935772158463,167.14444251770149,522.68357923805274,153.22332898809998,148.0449860018486,116.89180002688029,162.42420752521687,176.19602717762103,197.31820286623352,311.01394568253551,1202.5513550852318,1183.3065384441315,3542.9331962356464,null,null,null,null,null,null,null,null,null,null,null,null,null,null,null,null,null,null,null,null,null,null,null,null,null,null,null,null,null,null,null,null],"slope":12.78504297286965,"date":"04-Jan-2014 02:54:36",